execution_id,execution_date,execution_status,stage_name,stage_order,stage_status,duration_seconds,records_in,records_out,records_failed,success_rate_pct,memory_usage_mb,cpu_usage_percent,error_count,warning_count,quality_score,validations_passed,validations_failed
d10ee3d8-7a88-410b-bccf-08b3410bde31,2026-02-19 01:00:37,completed,INGESTION,1,completed,0.399,0,60000,0,,,,0,0,,,
d10ee3d8-7a88-410b-bccf-08b3410bde31,2026-02-19 01:00:37,completed,VALIDATION,2,completed,16.192,60000,60000,0,100.00,,,0,0,94.87179487179486,74,4
d10ee3d8-7a88-410b-bccf-08b3410bde31,2026-02-19 01:00:37,completed,TRANSFORMATION,3,completed,0.048,58358,58358,0,100.00,,,0,0,,,
4052b4ce-c20e-43a3-ba36-f65ce444ac4f,2026-02-19 00:59:11,completed,INGESTION,1,completed,0.376,0,60000,0,,,,0,0,,,
4052b4ce-c20e-43a3-ba36-f65ce444ac4f,2026-02-19 00:59:11,completed,VALIDATION,2,completed,16.491,60000,60000,0,100.00,,,0,0,94.87179487179486,74,4
4052b4ce-c20e-43a3-ba36-f65ce444ac4f,2026-02-19 00:59:11,completed,TRANSFORMATION,3,completed,0.052,58358,58358,0,100.00,,,0,0,,,
bf441dba-d8bf-43ec-ae3f-8967a43d8ec7,2026-02-19 00:57:49,completed,INGESTION,1,completed,0.331,0,60000,0,,,,0,0,,,
bf441dba-d8bf-43ec-ae3f-8967a43d8ec7,2026-02-19 00:57:49,completed,VALIDATION,2,completed,16.158,60000,60000,0,100.00,,,0,0,93.58974358974359,73,5
bf441dba-d8bf-43ec-ae3f-8967a43d8ec7,2026-02-19 00:57:49,completed,TRANSFORMATION,3,completed,0.044,58358,58358,0,100.00,,,0,0,,,
0b316d33-a176-4ec4-a93e-6488ae02b29f,2026-02-19 00:54:10,completed,INGESTION,1,completed,0.666,0,60000,0,,,,0,0,,,
0b316d33-a176-4ec4-a93e-6488ae02b29f,2026-02-19 00:54:10,completed,VALIDATION,2,completed,36.201,60000,60000,0,100.00,,,0,0,94.87179487179486,74,4
0b316d33-a176-4ec4-a93e-6488ae02b29f,2026-02-19 00:54:10,completed,TRANSFORMATION,3,completed,0.079,58358,58358,0,100.00,,,0,0,,,
9a0a71ea-1065-4b90-8a78-084fdf76fcbc,2026-02-19 00:53:18,completed,INGESTION,1,completed,0.382,0,60000,0,,,,0,0,,,
9a0a71ea-1065-4b90-8a78-084fdf76fcbc,2026-02-19 00:53:18,completed,VALIDATION,2,completed,16.563,60000,60000,0,100.00,,,0,0,96.15384615384616,75,3
9a0a71ea-1065-4b90-8a78-084fdf76fcbc,2026-02-19 00:53:18,completed,TRANSFORMATION,3,completed,0.093,58358,58358,0,100.00,,,0,0,,,
e1726ad8-0cd4-4056-b13c-a785ecafa821,2026-02-19 00:49:40,completed,INGESTION,1,completed,0.397,0,60000,0,,,,0,0,,,
e1726ad8-0cd4-4056-b13c-a785ecafa821,2026-02-19 00:49:40,completed,VALIDATION,2,completed,16.201,60000,60000,0,100.00,,,0,0,94.87179487179486,74,4
e1726ad8-0cd4-4056-b13c-a785ecafa821,2026-02-19 00:49:40,completed,TRANSFORMATION,3,completed,0.094,58358,58358,0,100.00,,,0,0,,,
502bd933-394e-4f70-a915-eb1877c4d0d7,2026-02-19 00:49:02,running,INGESTION,1,completed,0.363,0,60000,0,,,,0,0,,,
502bd933-394e-4f70-a915-eb1877c4d0d7,2026-02-19 00:49:02,running,VALIDATION,2,completed,16.193,60000,60000,0,100.00,,,0,0,94.87179487179486,74,4
502bd933-394e-4f70-a915-eb1877c4d0d7,2026-02-19 00:49:02,running,TRANSFORMATION,3,completed,0.044,58358,58358,0,100.00,,,0,0,,,
1a78c9ec-b254-4184-9c98-abc57f5fe98c,2026-02-19 00:44:24,completed,INGESTION,1,completed,0.354,0,60000,0,,,,0,0,,,
1a78c9ec-b254-4184-9c98-abc57f5fe98c,2026-02-19 00:44:24,completed,VALIDATION,2,completed,16.155,60000,60000,0,100.00,,,0,0,94.87179487179486,74,4
1a78c9ec-b254-4184-9c98-abc57f5fe98c,2026-02-19 00:44:24,completed,TRANSFORMATION,3,completed,0.045,58358,58358,0,100.00,,,0,0,,,
3a3260bd-8512-42f1-a79b-c9a2f16b2113,2026-02-19 00:38:04,running,INGESTION,1,running,,0,0,0,,,,0,0,,,
3a3260bd-8512-42f1-a79b-c9a2f16b2113,2026-02-19 00:38:04,running,VALIDATION,2,running,,0,0,0,,,,0,0,,,
3a3260bd-8512-42f1-a79b-c9a2f16b2113,2026-02-19 00:38:04,running,TRANSFORMATION,3,running,,0,0,0,,,,0,0,,,
655d2e49-d835-4838-a548-5c4d83a01b33,2026-02-19 00:36:51,running,INGESTION,1,running,,0,0,0,,,,0,0,,,
655d2e49-d835-4838-a548-5c4d83a01b33,2026-02-19 00:36:51,running,VALIDATION,2,running,,0,0,0,,,,0,0,,,
655d2e49-d835-4838-a548-5c4d83a01b33,2026-02-19 00:36:51,running,TRANSFORMATION,3,running,,0,0,0,,,,0,0,,,
8579ceff-1066-45bf-81a8-7ca4a8d42830,2026-02-19 00:34:07,completed,INGESTION,1,running,,0,0,0,,,,0,0,,,
8579ceff-1066-45bf-81a8-7ca4a8d42830,2026-02-19 00:34:07,completed,VALIDATION,2,running,,0,0,0,,,,0,0,,,
8579ceff-1066-45bf-81a8-7ca4a8d42830,2026-02-19 00:34:07,completed,TRANSFORMATION,3,running,,0,0,0,,,,0,0,,,
12503194-5ec3-4631-9b65-655f3660a901,2026-02-19 00:03:48,completed,INGESTION,1,failed,0.208,0,10000,0,,,,1,0,,,
12503194-5ec3-4631-9b65-655f3660a901,2026-02-19 00:03:48,completed,VALIDATION,2,completed,6.246,10000,10000,0,100.00,,,0,0,95.65217391304348,44,2
12503194-5ec3-4631-9b65-655f3660a901,2026-02-19 00:03:48,completed,TRANSFORMATION,3,completed,0.035,15910,15910,0,100.00,,,0,0,,,
f9453212-ecfe-4b97-8810-4531d5957b1a,2026-02-18 21:41:00,completed,INGESTION,1,completed,0.226,0,60000,0,,,,0,0,,,
f9453212-ecfe-4b97-8810-4531d5957b1a,2026-02-18 21:41:00,completed,VALIDATION,2,completed,8.812,60000,60000,0,100.00,,,0,0,96.15384615384616,75,3
f9453212-ecfe-4b97-8810-4531d5957b1a,2026-02-18 21:41:00,completed,TRANSFORMATION,3,completed,0.025,58358,58358,0,100.00,,,0,0,,,
574d43e3-8551-4bdb-af31-f43807d9c1a7,2026-02-18 21:39:13,completed,INGESTION,1,completed,0.435,0,60000,0,,,,0,0,,,
574d43e3-8551-4bdb-af31-f43807d9c1a7,2026-02-18 21:39:13,completed,VALIDATION,2,completed,25.645,60000,60000,0,100.00,,,0,0,94.87179487179486,74,4
574d43e3-8551-4bdb-af31-f43807d9c1a7,2026-02-18 21:39:13,completed,TRANSFORMATION,3,completed,0.038,58358,58358,0,100.00,,,0,0,,,
434300d5-9248-4fa6-8560-5bdeb23a7e17,2026-02-18 21:38:10,completed,INGESTION,1,completed,0.231,0,60000,0,,,,0,0,,,
434300d5-9248-4fa6-8560-5bdeb23a7e17,2026-02-18 21:38:10,completed,VALIDATION,2,completed,8.971,60000,60000,0,100.00,,,0,0,96.15384615384616,75,3
434300d5-9248-4fa6-8560-5bdeb23a7e17,2026-02-18 21:38:10,completed,TRANSFORMATION,3,completed,0.030,58358,58358,0,100.00,,,0,0,,,
5cff2399-5015-4b26-b5a3-32956d3f6dd7,2026-02-18 21:35:17,completed,INGESTION,1,completed,0.242,0,60000,0,,,,0,0,,,
5cff2399-5015-4b26-b5a3-32956d3f6dd7,2026-02-18 21:35:17,completed,VALIDATION,2,completed,9.569,60000,60000,0,100.00,,,0,0,94.87179487179486,74,4
5cff2399-5015-4b26-b5a3-32956d3f6dd7,2026-02-18 21:35:17,completed,TRANSFORMATION,3,completed,0.025,58358,58358,0,100.00,,,0,0,,,
0a24a229-47b7-43bb-a6c1-e9917637ba2e,2026-02-18 20:59:26,completed,INGESTION,1,completed,0.279,0,60000,0,,,,0,0,,,
0a24a229-47b7-43bb-a6c1-e9917637ba2e,2026-02-18 20:59:26,completed,VALIDATION,2,completed,8.570,60000,60000,0,100.00,,,0,0,96.15384615384616,75,3
0a24a229-47b7-43bb-a6c1-e9917637ba2e,2026-02-18 20:59:26,completed,TRANSFORMATION,3,completed,0.034,58358,58358,0,100.00,,,0,0,,,
64a714a1-3775-49eb-8aa1-62eaff641d91,2026-02-18 20:54:10,completed,INGESTION,1,completed,0.187,0,60000,0,,,,0,0,,,
64a714a1-3775-49eb-8aa1-62eaff641d91,2026-02-18 20:54:10,completed,VALIDATION,2,completed,9.645,60000,60000,0,100.00,,,0,0,96.15384615384616,75,3
64a714a1-3775-49eb-8aa1-62eaff641d91,2026-02-18 20:54:10,completed,TRANSFORMATION,3,completed,0.026,58358,58358,0,100.00,,,0,0,,,
c11612cf-7e41-4d7c-91ec-833853b1cd34,2026-02-18 19:04:58,running,INGESTION,1,completed,0.612,0,60000,0,,,,0,0,,,
df989e83-7b1a-4768-a5ba-be12dde3aab8,2026-02-18 04:42:14,completed,INGESTION,1,failed,0.135,0,10000,0,,,,1,0,,,
df989e83-7b1a-4768-a5ba-be12dde3aab8,2026-02-18 04:42:14,completed,VALIDATION,2,completed,4.073,10000,10000,0,100.00,,,0,0,95.65217391304348,44,2
df989e83-7b1a-4768-a5ba-be12dde3aab8,2026-02-18 04:42:14,completed,TRANSFORMATION,3,completed,0.055,15910,15910,0,100.00,,,0,0,,,
e5132bbf-a03e-4211-98eb-f38b6daef1fa,2026-02-18 04:32:15,completed,INGESTION,1,failed,0.118,0,10000,0,,,,1,0,,,
e5132bbf-a03e-4211-98eb-f38b6daef1fa,2026-02-18 04:32:15,completed,VALIDATION,2,completed,4.092,10000,10000,0,100.00,,,0,0,95.65217391304348,44,2
e5132bbf-a03e-4211-98eb-f38b6daef1fa,2026-02-18 04:32:15,completed,TRANSFORMATION,3,completed,0.041,15910,15910,0,100.00,,,0,0,,,
d8f50a83-b259-4dac-8612-18d0c64530ba,2026-02-18 04:21:01,completed,INGESTION,1,failed,0.213,0,10000,0,,,,1,0,,,
d8f50a83-b259-4dac-8612-18d0c64530ba,2026-02-18 04:21:01,completed,VALIDATION,2,completed,3.712,10000,10000,0,100.00,,,0,0,95.65217391304348,44,2
d8f50a83-b259-4dac-8612-18d0c64530ba,2026-02-18 04:21:01,completed,TRANSFORMATION,3,completed,0.043,15910,15910,0,100.00,,,0,0,,,
795ce944-ca44-4a78-95f8-9fe782136f42,2026-02-18 04:18:00,completed,INGESTION,1,failed,0.143,0,10000,0,,,,1,0,,,
795ce944-ca44-4a78-95f8-9fe782136f42,2026-02-18 04:18:00,completed,VALIDATION,2,completed,3.827,10000,10000,0,100.00,,,0,0,95.65217391304348,44,2
795ce944-ca44-4a78-95f8-9fe782136f42,2026-02-18 04:18:00,completed,TRANSFORMATION,3,completed,0.083,15910,15910,0,100.00,,,0,0,,,
cd5ca17a-7878-43c4-a319-673cac2414d5,2026-02-18 04:15:51,completed,INGESTION,1,failed,0.111,0,10000,0,,,,1,0,,,
cd5ca17a-7878-43c4-a319-673cac2414d5,2026-02-18 04:15:51,completed,VALIDATION,2,completed,3.890,10000,10000,0,100.00,,,0,0,95.65217391304348,44,2
cd5ca17a-7878-43c4-a319-673cac2414d5,2026-02-18 04:15:51,completed,TRANSFORMATION,3,completed,0.032,15910,15910,0,100.00,,,0,0,,,
a259da34-fb3b-4bc4-abe3-e490fed5f222,2026-02-18 04:07:56,completed,INGESTION,1,failed,0.141,0,10000,0,,,,1,0,,,
a259da34-fb3b-4bc4-abe3-e490fed5f222,2026-02-18 04:07:56,completed,VALIDATION,2,completed,3.803,10000,10000,0,100.00,,,0,0,95.65217391304348,44,2
a259da34-fb3b-4bc4-abe3-e490fed5f222,2026-02-18 04:07:56,completed,TRANSFORMATION,3,completed,0.027,15910,15910,0,100.00,,,0,0,,,
22046753-8d6a-4015-9974-d44695a75151,2026-02-18 02:10:24,completed,INGESTION,1,completed,0.208,0,60000,0,,,,0,0,,,
22046753-8d6a-4015-9974-d44695a75151,2026-02-18 02:10:24,completed,VALIDATION,2,completed,9.557,60000,60000,0,100.00,,,0,0,94.87179487179486,74,4
22046753-8d6a-4015-9974-d44695a75151,2026-02-18 02:10:24,completed,TRANSFORMATION,3,completed,0.031,58358,58358,0,100.00,,,0,0,,,
e277c944-aa64-4172-9c85-fbbfd1d5cfde,2026-02-18 01:53:18,completed,INGESTION,1,failed,0.102,0,10000,0,,,,1,0,,,
e277c944-aa64-4172-9c85-fbbfd1d5cfde,2026-02-18 01:53:18,completed,VALIDATION,2,completed,3.817,10000,10000,0,100.00,,,0,0,95.65217391304348,44,2
e277c944-aa64-4172-9c85-fbbfd1d5cfde,2026-02-18 01:53:18,completed,TRANSFORMATION,3,completed,0.059,15910,15910,0,100.00,,,0,0,,,
01c2d83d-a9ec-497f-9005-c07b028022e5,2026-02-18 01:49:52,completed,INGESTION,1,completed,0.216,0,60000,0,,,,0,0,,,
01c2d83d-a9ec-497f-9005-c07b028022e5,2026-02-18 01:49:52,completed,VALIDATION,2,completed,9.370,60000,60000,0,100.00,,,0,0,96.15384615384616,75,3
e11636c8-d02f-4208-a165-cb0f52dcbcdf,2026-02-18 01:49:34,running,INGESTION,1,completed,0.269,0,60000,0,,,,0,0,,,
7fa6b93e-f529-4622-9e95-aecd59681813,2026-02-18 00:34:22,completed,TRANSFORMATION,3,completed,0.056,15910,15910,0,100.00,,,0,0,,,
f87b782a-b61e-4cee-b6c7-3c5b7b910496,2026-02-18 00:34:04,completed,VALIDATION,2,completed,8.658,25910,25910,0,100.00,,,0,0,95.65217391304348,44,2
95d7dbbb-47bf-4bf5-9d62-f502497d30a8,2026-02-18 00:33:54,completed,INGESTION,1,failed,0.292,0,10000,0,,,,1,0,,,
3786db2d-ca5c-4b9a-87f9-8b4618edb7ec,2026-02-18 00:32:07,completed,INGESTION,1,completed,0.386,0,60000,0,,,,0,0,,,
3786db2d-ca5c-4b9a-87f9-8b4618edb7ec,2026-02-18 00:32:07,completed,VALIDATION,2,completed,18.158,60000,60000,0,100.00,,,0,0,94.87179487179486,74,4
3786db2d-ca5c-4b9a-87f9-8b4618edb7ec,2026-02-18 00:32:07,completed,TRANSFORMATION,3,completed,0.065,58358,58358,0,100.00,,,0,0,,,
5702134c-956c-409d-a2e7-db5303115e43,2026-02-18 00:29:31,completed,INGESTION,1,completed,0.516,0,60000,0,,,,0,0,,,
5702134c-956c-409d-a2e7-db5303115e43,2026-02-18 00:29:31,completed,VALIDATION,2,completed,18.221,60000,60000,0,100.00,,,0,0,93.58974358974359,73,5
5702134c-956c-409d-a2e7-db5303115e43,2026-02-18 00:29:31,completed,TRANSFORMATION,3,completed,0.079,58358,58358,0,100.00,,,0,0,,,
63eb1cb1-c594-44e8-8048-3994083319c9,2026-02-18 00:21:45,completed,INGESTION,1,completed,1.037,0,60000,0,,,,0,0,,,
63eb1cb1-c594-44e8-8048-3994083319c9,2026-02-18 00:21:45,completed,VALIDATION,2,completed,51.360,60000,60000,0,100.00,,,0,0,93.58974358974359,73,5
63eb1cb1-c594-44e8-8048-3994083319c9,2026-02-18 00:21:45,completed,TRANSFORMATION,3,completed,0.088,58358,58358,0,100.00,,,0,0,,,
a7de70bb-27e3-4dd4-a243-86bfd571d043,2026-02-18 00:00:28,completed,TRANSFORMATION,3,completed,0.043,15910,15910,0,100.00,,,0,0,,,
5e497d37-5968-4e95-896b-ef1c4550af79,2026-02-18 00:00:13,completed,VALIDATION,2,completed,7.461,25910,25910,0,100.00,,,0,0,95.65217391304348,44,2
96a13b8d-2937-4511-bed3-1d1c5fb39249,2026-02-18 00:00:05,completed,INGESTION,1,failed,0.206,0,10000,0,,,,1,0,,,
4256fb9e-5cfe-4e5d-b8fd-988e1c8bf401,2026-02-17 13:33:21,completed,TRANSFORMATION,3,completed,0.067,15910,15910,0,100.00,,,0,0,,,
e88885f1-991b-453c-9ef1-6ec2a7c88c3b,2026-02-17 13:33:04,completed,VALIDATION,2,completed,8.878,25910,25910,0,100.00,,,0,0,95.65217391304348,44,2
c9912dc7-ede3-43cb-ab66-b82b4bc0d139,2026-02-17 13:32:55,completed,INGESTION,1,failed,0.233,0,10000,0,,,,1,0,,,
8771dc98-e86d-4881-8b79-96a975163e9a,2026-02-17 13:31:25,completed,TRANSFORMATION,3,completed,0.090,15910,15910,0,100.00,,,0,0,,,
7cbd6321-0a7b-4499-b104-6624d53c02b1,2026-02-17 13:31:07,completed,VALIDATION,2,completed,8.785,25910,25910,0,100.00,,,0,0,95.65217391304348,44,2
493a9496-1b5a-43b9-81c1-49293124d01b,2026-02-17 13:30:58,completed,INGESTION,1,failed,0.290,0,10000,0,,,,1,0,,,
2b8bedf1-0788-46e2-bd3a-2f4b443e7e9e,2026-02-17 13:29:17,completed,TRANSFORMATION,3,completed,0.052,15910,15910,0,100.00,,,0,0,,,
9f672b46-a107-476c-899d-94e87129a9aa,2026-02-17 13:29:01,completed,VALIDATION,2,completed,7.417,25910,25910,0,100.00,,,0,0,95.65217391304348,44,2
54451c14-05c2-476d-a487-5426e640ba15,2026-02-17 13:28:52,completed,INGESTION,1,failed,0.234,0,10000,0,,,,1,0,,,
14a339fe-a231-43cf-b6d5-eb37bc74effb,2026-02-17 13:24:51,completed,TRANSFORMATION,3,completed,0.081,15910,15910,0,100.00,,,0,0,,,
66e34e13-8883-4396-afc1-e2abb4e79d2e,2026-02-17 13:24:36,completed,VALIDATION,2,completed,7.098,25910,25910,0,100.00,,,0,0,95.65217391304348,44,2
16e710b3-6842-4e58-8997-e8a2b5d32531,2026-02-17 13:24:28,completed,INGESTION,1,failed,0.238,0,10000,0,,,,1,0,,,
d1993e76-b010-4a30-a613-26d9aa2fa95b,2026-02-17 13:20:32,completed,TRANSFORMATION,3,completed,0.052,15910,15910,0,100.00,,,0,0,,,
08656209-9460-4250-a21c-c2ef3f85140d,2026-02-17 13:20:16,completed,VALIDATION,2,completed,7.674,25910,25910,0,100.00,,,0,0,95.65217391304348,44,2
438760a1-6f71-4994-8311-1ea812d3579a,2026-02-17 13:20:08,completed,INGESTION,1,failed,0.277,0,10000,0,,,,1,0,,,
9b8e1765-6ae4-47ea-88f5-b397e41eec01,2026-02-17 13:18:25,completed,TRANSFORMATION,3,completed,0.064,15910,15910,0,100.00,,,0,0,,,
da4f1975-1953-4079-9b44-16b903348b31,2026-02-17 13:18:08,completed,VALIDATION,2,completed,8.212,25910,25910,0,100.00,,,0,0,95.65217391304348,44,2
99eea190-69ac-419e-8664-59ae96e90cc6,2026-02-17 13:17:59,completed,INGESTION,1,failed,0.217,0,10000,0,,,,1,0,,,
82fb827b-ad11-4878-89f9-a50d21404a12,2026-02-17 13:16:13,completed,INGESTION,1,completed,0.586,0,60000,0,,,,0,0,,,
82fb827b-ad11-4878-89f9-a50d21404a12,2026-02-17 13:16:13,completed,VALIDATION,2,completed,17.393,60000,60000,0,100.00,,,0,0,94.87179487179486,74,4
82fb827b-ad11-4878-89f9-a50d21404a12,2026-02-17 13:16:13,completed,TRANSFORMATION,3,completed,0.069,58358,58358,0,100.00,,,0,0,,,
0d302a6b-ea23-43b1-b8cd-a95e8125cd90,2026-02-17 13:13:25,completed,INGESTION,1,completed,0.445,0,60000,0,,,,0,0,,,
0d302a6b-ea23-43b1-b8cd-a95e8125cd90,2026-02-17 13:13:25,completed,VALIDATION,2,completed,18.822,60000,60000,0,100.00,,,0,0,94.87179487179486,74,4
0d302a6b-ea23-43b1-b8cd-a95e8125cd90,2026-02-17 13:13:25,completed,TRANSFORMATION,3,completed,0.053,58358,58358,0,100.00,,,0,0,,,
4f524026-f645-4510-8041-5d6703cda641,2026-02-17 13:12:19,completed,INGESTION,1,completed,0.566,0,60000,0,,,,0,0,,,
4f524026-f645-4510-8041-5d6703cda641,2026-02-17 13:12:19,completed,VALIDATION,2,completed,17.420,60000,60000,0,100.00,,,0,0,93.58974358974359,73,5
4f524026-f645-4510-8041-5d6703cda641,2026-02-17 13:12:19,completed,TRANSFORMATION,3,completed,0.062,58358,58358,0,100.00,,,0,0,,,
ddf6b571-72ef-4050-b63b-b8bdd7892622,2026-02-17 12:48:24,completed,INGESTION,1,completed,0.632,0,60000,0,,,,0,0,,,
ddf6b571-72ef-4050-b63b-b8bdd7892622,2026-02-17 12:48:24,completed,VALIDATION,2,completed,21.755,60000,60000,0,100.00,,,0,0,93.58974358974359,73,5
ddf6b571-72ef-4050-b63b-b8bdd7892622,2026-02-17 12:48:24,completed,TRANSFORMATION,3,completed,0.058,58358,58358,0,100.00,,,0,0,,,
f4be99ff-fb5e-4ff3-b618-301e38438bea,2026-02-17 00:08:33,completed,INGESTION,1,completed,0.417,0,60000,0,,,,0,0,,,
f4be99ff-fb5e-4ff3-b618-301e38438bea,2026-02-17 00:08:33,completed,VALIDATION,2,completed,16.447,60000,60000,0,100.00,,,0,0,94.87179487179486,74,4
f4be99ff-fb5e-4ff3-b618-301e38438bea,2026-02-17 00:08:33,completed,TRANSFORMATION,3,completed,0.063,58358,58358,0,100.00,,,0,0,,,
47321c3e-3ae0-433a-af5c-29f7543204a7,2026-02-17 00:04:56,completed,INGESTION,1,completed,0.360,0,60000,0,,,,0,0,,,
47321c3e-3ae0-433a-af5c-29f7543204a7,2026-02-17 00:04:56,completed,VALIDATION,2,completed,15.981,60000,60000,0,100.00,,,0,0,94.87179487179486,74,4
47321c3e-3ae0-433a-af5c-29f7543204a7,2026-02-17 00:04:56,completed,TRANSFORMATION,3,completed,0.058,58358,58358,0,100.00,,,0,0,,,
a30cbcc8-8a80-4c77-a478-145f011d27df,2026-02-17 00:00:27,completed,TRANSFORMATION,3,completed,0.039,15910,15910,0,100.00,,,0,0,,,
47d95a46-c63b-4da2-ad4b-f6c7d4240ed7,2026-02-17 00:00:14,completed,VALIDATION,2,completed,7.190,25910,25910,0,100.00,,,0,0,93.47826086956522,43,3
39c4e629-a85e-4ded-b362-7cad9ea60d39,2026-02-17 00:00:07,completed,INGESTION,1,failed,0.193,0,10000,0,,,,1,0,,,
10f5e912-e607-4888-9376-e4c42fc8a58b,2026-02-16 20:35:10,completed,INGESTION,1,completed,0.372,0,60000,0,,,,0,0,,,
10f5e912-e607-4888-9376-e4c42fc8a58b,2026-02-16 20:35:10,completed,VALIDATION,2,completed,15.794,60000,60000,0,100.00,,,0,0,94.87179487179486,74,4
10f5e912-e607-4888-9376-e4c42fc8a58b,2026-02-16 20:35:10,completed,TRANSFORMATION,3,completed,0.048,58358,58358,0,100.00,,,0,0,,,
11a2cd90-7aee-4dad-bcd8-8bb1f192ad0b,2026-02-16 20:32:01,completed,INGESTION,1,completed,0.359,0,60000,0,,,,0,0,,,
11a2cd90-7aee-4dad-bcd8-8bb1f192ad0b,2026-02-16 20:32:01,completed,VALIDATION,2,completed,16.398,60000,60000,0,100.00,,,0,0,94.8051948051948,73,4
11a2cd90-7aee-4dad-bcd8-8bb1f192ad0b,2026-02-16 20:32:01,completed,TRANSFORMATION,3,completed,0.043,58358,58358,0,100.00,,,0,0,,,
ea465a16-53cf-4092-8c60-071c98e308a7,2026-02-16 20:31:23,completed,INGESTION,1,completed,0.403,0,60000,0,,,,0,0,,,
ea465a16-53cf-4092-8c60-071c98e308a7,2026-02-16 20:31:23,completed,VALIDATION,2,completed,16.276,60000,60000,0,100.00,,,0,0,94.8051948051948,73,4
ea465a16-53cf-4092-8c60-071c98e308a7,2026-02-16 20:31:23,completed,TRANSFORMATION,3,completed,0.061,58358,58358,0,100.00,,,0,0,,,
e6d05069-46b1-4ff5-a6cc-105fd805f731,2026-02-16 00:00:27,completed,TRANSFORMATION,3,completed,0.041,15910,15910,0,100.00,,,0,0,,,
aef0bf21-5eae-42ae-b653-490104e24bc3,2026-02-16 00:00:14,completed,VALIDATION,2,completed,6.957,25910,25910,0,100.00,,,0,0,93.33333333333333,42,3
a5c9ec15-d41f-404c-a7bb-85790a0ec128,2026-02-16 00:00:06,completed,INGESTION,1,failed,0.179,0,10000,0,,,,1,0,,,
0e6423dd-3d06-4b99-86e0-7a53a6e7ccc2,2026-02-15 23:11:50,completed,INGESTION,1,completed,0.414,0,60000,0,,,,0,0,,,
0e6423dd-3d06-4b99-86e0-7a53a6e7ccc2,2026-02-15 23:11:50,completed,VALIDATION,2,completed,17.664,60000,60000,0,100.00,,,0,0,93.5064935064935,72,5
0e6423dd-3d06-4b99-86e0-7a53a6e7ccc2,2026-02-15 23:11:50,completed,TRANSFORMATION,3,completed,0.052,58358,58358,0,100.00,,,0,0,,,
10e55ba3-b308-45dc-b536-54604eaff56e,2026-02-15 23:02:54,completed,INGESTION,1,completed,0.385,0,60000,0,,,,0,0,,,
10e55ba3-b308-45dc-b536-54604eaff56e,2026-02-15 23:02:54,completed,VALIDATION,2,completed,18.555,60000,60000,0,100.00,,,0,0,93.5064935064935,72,5
10e55ba3-b308-45dc-b536-54604eaff56e,2026-02-15 23:02:54,completed,TRANSFORMATION,3,completed,0.069,58358,58358,0,100.00,,,0,0,,,
c9ed57a2-7779-4835-b9f4-1ccbfdfd0215,2026-02-15 22:59:48,completed,INGESTION,1,completed,0.400,0,60000,0,,,,0,0,,,
c9ed57a2-7779-4835-b9f4-1ccbfdfd0215,2026-02-15 22:59:48,completed,VALIDATION,2,completed,19.392,60000,60000,0,100.00,,,0,0,93.5064935064935,72,5
c9ed57a2-7779-4835-b9f4-1ccbfdfd0215,2026-02-15 22:59:48,completed,TRANSFORMATION,3,completed,0.064,58358,58358,0,100.00,,,0,0,,,
f6dfe67f-4556-4de6-8bbe-1da5f3b7863e,2026-02-15 22:56:42,completed,INGESTION,1,completed,0.441,0,60000,0,,,,0,0,,,
f6dfe67f-4556-4de6-8bbe-1da5f3b7863e,2026-02-15 22:56:42,completed,VALIDATION,2,completed,17.413,60000,60000,0,100.00,,,0,0,94.8051948051948,73,4
f6dfe67f-4556-4de6-8bbe-1da5f3b7863e,2026-02-15 22:56:42,completed,TRANSFORMATION,3,completed,0.100,58358,58358,0,100.00,,,0,0,,,
e280a475-4bdd-496e-8048-15a6516e383c,2026-02-15 22:31:09,completed,INGESTION,1,completed,0.372,0,60000,0,,,,0,0,,,
e280a475-4bdd-496e-8048-15a6516e383c,2026-02-15 22:31:09,completed,VALIDATION,2,completed,17.724,60000,60000,0,100.00,,,0,0,94.8051948051948,73,4
e280a475-4bdd-496e-8048-15a6516e383c,2026-02-15 22:31:09,completed,TRANSFORMATION,3,completed,0.057,58358,58358,0,100.00,,,0,0,,,
4c2cbdcc-8189-4b94-ba0b-41bee8c5dab9,2026-02-15 22:28:12,completed,INGESTION,1,completed,0.418,0,60000,0,,,,0,0,,,
4c2cbdcc-8189-4b94-ba0b-41bee8c5dab9,2026-02-15 22:28:12,completed,VALIDATION,2,completed,19.202,60000,60000,0,100.00,,,0,0,96.1038961038961,74,3
4c2cbdcc-8189-4b94-ba0b-41bee8c5dab9,2026-02-15 22:28:12,completed,TRANSFORMATION,3,completed,0.070,58358,58358,0,100.00,,,0,0,,,
330d80c4-25f2-488a-bc40-583856d026be,2026-02-15 20:53:15,completed,TRANSFORMATION,3,completed,0.045,15910,15910,0,100.00,,,0,0,,,
43813210-3440-45f6-8b10-b4ac2d4d7b03,2026-02-15 20:53:05,completed,VALIDATION,2,completed,3.962,25910,25910,0,100.00,,,0,0,93.33333333333333,42,3
82c962a7-e829-411a-bb11-4d82b511423d,2026-02-15 20:52:58,completed,INGESTION,1,failed,0.145,0,10000,0,,,,1,0,,,
22b99f59-7781-40a0-9532-d06d13cad033,2026-02-15 20:35:11,completed,INGESTION,1,completed,0.229,0,60000,0,,,,0,0,,,
22b99f59-7781-40a0-9532-d06d13cad033,2026-02-15 20:35:11,completed,VALIDATION,2,completed,10.409,60000,60000,0,100.00,,,0,0,96.1038961038961,74,3
22b99f59-7781-40a0-9532-d06d13cad033,2026-02-15 20:35:11,completed,TRANSFORMATION,3,completed,0.036,58358,58358,0,100.00,,,0,0,,,
